{
  "id": "",
  "name": "",
  "font_family": "iconfont",
  "css_prefix_text": "icon-",
  "description": "",
  "glyphs": [
    {
      "icon_id": "1309823",
      "name": "WIFI",
      "font_class": "WIFI",
      "unicode": "e622",
      "unicode_decimal": 58914
    },
    {
      "icon_id": "1309841",
      "name": "蓝牙",
      "font_class": "lanya",
      "unicode": "e627",
      "unicode_decimal": 58919
    },
    {
      "icon_id": "14301842",
      "name": "电量",
      "font_class": "dianliang",
      "unicode": "e673",
      "unicode_decimal": 58995
    }
  ]
}
